{
	"format_version": "1.8.0",
	"animations": {
		"misc.idle": {
			"loop": true,
			"animation_length": 3.5,
			"bones": {
				"all": {
					"rotation": {
						"0.0": [5, 0, 0],
						"1.75": [7.5, 0, 0],
						"3.5": [5, 0, 0]
					},
					"position": {
						"0.0": [0, -0.5, 0],
						"3.5": [0, -0.5, 0]
					}
				},
				"leg_right": {
					"rotation": {
						"0.0": [5, 0, 0],
						"3.5": [5, 0, 0]
					}
				},
				"leg_left": {
					"rotation": {
						"0.0": [-12.5, 0, 0],
						"3.5": [-12.5, 0, 0]
					}
				},
				"head": {
					"rotation": {
						"0.0": [32.5, 0, 0],
						"2.125": [27.5, 0, 0],
						"3.5": [32.5, 0, 0]
					},
					"position": {
						"0.0": [0, 0.6, 1.7],
						"3.5": [0, 0.6, 1.7]
					}
				},
				"head2": {
					"rotation": {
						"0.0": [0, 0, 0],
						"3.5": [0, 0, 0]
					}
				},
				"arm_right": {
					"rotation": {
						"0.0": [-5, 0, 0],
						"1.75": [-4.98436, 0.75155, 2.38443],
						"3.5": [-5, 0, 0]
					},
					"position": {
						"0.0": [0, 0, 0],
						"1.75": [0, 0.5, 0.5],
						"3.5": [0, 0, 0]
					}
				},
				"arm_left": {
					"rotation": {
						"0.0": [-5, 0, 0],
						"1.75": [-4.98436, -0.75155, -2.38443],
						"3.5": [-5, 0, 0]
					},
					"position": {
						"0.0": [0, 0, 0],
						"1.75": [0, 0.5, 0.5],
						"3.5": [0, 0, 0]
					}
				},
				"bone": {
					"rotation": {
						"0.0": [0, 0, 0],
						"3.5": [0, 0, 0]
					},
					"position": {
						"0.0": [0, 0, 0],
						"3.5": [0, 0, 0]
					}
				}
			}
		},
		"attack.shoot": {
			"animation_length": 3,
			"bones": {
				"all": {
					"rotation": {
						"0.0": [5, 0, 0],
						"0.375": [0, 0, 0],
						"0.75": [12.5, 0, 0],
						"1.0": [13.27, 0, 0],
						"1.25": [8.93, 0, 0],
						"2.0": [15, 0, 0],
						"3.0": [5, 0, 0]
					},
					"position": {
						"0.0": [0, -0.5, 0],
						"0.375": [0, -0.5, 0],
						"0.75": [0, -0.9, 0],
						"3.0": [0, -0.5, 0]
					}
				},
				"leg_right": {
					"rotation": {
						"0.0": [5, 0, 0],
						"3.0": [5, 0, 0]
					}
				},
				"leg_left": {
					"rotation": {
						"0.0": [-12.5, 0, 0],
						"0.375": [-15, 0, 0],
						"0.75": [-22.5, 0, 0],
						"2.0": [-27.5, 0, 0],
						"3.0": [-12.5, 0, 0]
					},
					"position": {
						"0.0": [0, 0, 0],
						"0.375": [0, 1, -2],
						"0.75": [0, 1, -2],
						"2.0": [0, 0.4, -1.1],
						"3.0": [0, 0, 0]
					}
				},
				"head": {
					"rotation": {
						"0.0": [32.5, 0, 0],
						"0.75": [95, 0, 0],
						"1.0": [95, 0, 0],
						"1.125": [72.68, 0, 0],
						"2.0": [87.5, 0, 0],
						"3.0": [32.5, 0, 0]
					},
					"position": {
						"0.0": [0, 0.6, 1.7],
						"0.75": [0, 0.6, 1.7],
						"1.0": [0, 0.6, 1.7],
						"1.125": [0, 0.6, 2.7],
						"3.0": [0, 0.6, 1.7]
					}
				},
				"head2": {
					"rotation": {
						"0.0": [0, 0, 0],
						"0.5": [0, 0, 0],
						"0.875": [-90, 0, 0],
						"2.0": [-92.19, 0, 0],
						"2.4167": [0, 0, 0],
						"3.0": [0, 0, 0]
					}
				},
				"head3": {
					"rotation": {
						"0.0": [0, 0, 0],
						"0.75": [0, 0, -7.5],
						"2.0": [0, 0, -10],
						"3.0": [0, 0, 0]
					},
					"position": {
						"0.0": [0, 0, 0],
						"0.75": [-2, 0, 0],
						"2.0": [-2, 0, 0],
						"2.5": [-2, 0, 0],
						"3.0": [0, 0, 0]
					}
				},
				"head4": {
					"rotation": {
						"0.0": [0, 0, 0],
						"0.75": [0, 0, 7.5],
						"2.0": [0, 0, 10],
						"3.0": [0, 0, 0]
					},
					"position": {
						"0.0": [0, 0, 0],
						"0.75": [2, 0, 0],
						"2.0": [2, 0, 0],
						"2.5": [2, 0, 0],
						"3.0": [0, 0, 0]
					}
				},
				"arm_right": {
					"rotation": {
						"0.0": [-5, 0, 0],
						"0.375": [10, 0, 0],
						"0.75": [-12.5, 0, 0],
						"2.0": [-10, 0, 0],
						"3.0": [-5, 0, 0]
					},
					"position": {
						"0.0": [0, 0, 0],
						"3.0": [0, 0, 0]
					}
				},
				"arm_left": {
					"rotation": {
						"0.0": [-5, 0, 0],
						"0.375": [7.5, 0, 0],
						"0.75": [-12.5, 0, 0],
						"2.0": [-10, 0, 0],
						"3.0": [-5, 0, 0]
					},
					"position": {
						"0.0": [0, 0, 0],
						"3.0": [0, 0, 0]
					}
				},
				"bone": {
					"rotation": {
						"0.0": [0, 0, 0],
						"0.75": [-5, 0, 0],
						"1.0": [-4.26, 0, 0],
						"1.25": [-13.53, 0, 0],
						"2.0": [-2.5, 0, 0],
						"3.0": [0, 0, 0]
					},
					"position": {
						"0.0": [0, 0, 0],
						"3.0": [0, 0, 0]
					}
				}
			}
		},
		"move.walk": {
			"loop": true,
			"animation_length": 1.5,
			"bones": {
				"all": {
					"rotation": [5, 0, 0],
					"position": [0, -0.5, 0]
				},
				"leg_right": {
					"rotation": {
						"0.0": [-26.5, 0, 0],
						"0.75": [12.5, 0, 0],
						"1.125": [-12.5, 0, 0],
						"1.5": [-26.5, 0, 0]
					},
					"position": {
						"0.0": [0, -0.4, -1.1],
						"0.75": [0, -0.7, 0.5],
						"1.125": [0, 1.2, 0.1],
						"1.5": [0, -0.4, -1.1]
					}
				},
				"leg_left": {
					"rotation": {
						"0.0": [12.5, 0, 0],
						"0.375": [-12.5, 0, 0],
						"0.75": [-26.5, 0, 0],
						"1.5": [12.5, 0, 0]
					},
					"position": {
						"0.0": [0, -0.7, 0.5],
						"0.375": [0, 1.2, 0.1],
						"0.75": [0, -0.4, -1.1],
						"1.5": [0, -0.7, 0.5]
					}
				},
				"head": {
					"rotation": {
						"0.0": [20, 0, 0],
						"0.375": [30, 0, 0],
						"0.75": [20, 0, 0],
						"1.125": [30, 0, 0],
						"1.5": [20, 0, 0]
					},
					"position": [0, 0.6, 1.7]
				},
				"head3": {
					"rotation": {
						"0.0": [0, 0, 0],
						"0.75": [0, 0, -7.5],
						"1.5": [0, 0, 0]
					}
				},
				"head4": {
					"rotation": {
						"0.0": [0, 0, 0],
						"0.75": [0, 0, 7.5],
						"1.5": [0, 0, 0]
					}
				},
				"arm_right": {
					"rotation": {
						"0.0": [-45, 0, 0],
						"0.375": [-25, 0, 0],
						"0.75": [-45, 0, 0],
						"1.125": [-25, 0, 0],
						"1.5": [-45, 0, 0]
					},
					"position": [0, 0, 0]
				},
				"arm_left": {
					"rotation": {
						"0.0": [-45, 0, 0],
						"0.375": [-25, 0, 0],
						"0.75": [-45, 0, 0],
						"1.125": [-25, 0, 0],
						"1.5": [-45, 0, 0]
					},
					"position": [0, 0, 0]
				},
				"bone": {
					"rotation": {
						"0.0": [2.5, 0, 0],
						"0.375": [-7.5, 0, 0],
						"0.75": [2.5, 0, 0],
						"1.125": [-7.5, 0, 0],
						"1.5": [2.5, 0, 0]
					},
					"position": [0, 0, 0]
				}
			}
		}
	}
}