{
	"format_version": "1.8.0",
	"animations": {
		"attack.swing": {
			"loop": false,
			"animation_length": 1.125,
			"bones": {
				"all": {
					"rotation": {
						"0.0": [0, 0, 0],
						"0.3333": [-15, 0, 0],
						"0.625": [22.5, 0, 0],
						"1.125": [0, 0, 0]
					},
					"position": {
						"0.0": [0, 0, 0],
						"0.3333": [0, 2, 4],
						"0.625": [0, -3, -4],
						"1.125": [0, 0, 0]
					}
				},
				"body": {
					"rotation": {
						"0.0": [0, 0, 0],
						"1.125": [0, 0, 0]
					},
					"position": {
						"0.0": [0, 0, 0],
						"1.125": [0, 0, 0]
					}
				},
				"head": {
					"rotation": {
						"0.0": [0, 0, 0],
						"0.4167": [-25, 0, 0],
						"0.5833": [30, 0, 0],
						"1.125": [0, 0, 0]
					},
					"position": {
						"0.0": [0, 0, 0],
						"1.125": [0, 0, 0]
					}
				},
				"arm_right": {
					"rotation": {
						"0.0": [0, 0, 0],
						"0.3333": [-76.36827, 5.45963, -52.95133],
						"0.5": [-16.88132, -2.52144, -42.64334],
						"1.125": [0, 0, 0]
					},
					"position": {
						"0.0": [0, 0, 0],
						"1.125": [0, 0, 0]
					}
				},
				"arm_right_1": {
					"rotation": {
						"0.0": [0, 0, 0],
						"0.3333": [-17.5, 0, 35],
						"0.5": [15.53741, -1.17667, -0.91388],
						"1.125": [0, 0, 0]
					},
					"position": {
						"0.0": [0, 0, 0],
						"1.125": [0, 0, 0]
					}
				},
				"claw_right_1": {
					"rotation": {
						"0.0": [0, 0, 0],
						"0.3333": [-25, 0, 0],
						"0.5": [15, 0, 0],
						"1.125": [0, 0, 0]
					}
				},
				"claw_right_2": {
					"rotation": {
						"0.0": [0, 0, 0],
						"0.3333": [-25, 0, 0],
						"0.5": [15, 0, 0],
						"1.125": [0, 0, 0]
					}
				},
				"claw_right_3": {
					"rotation": {
						"0.0": [0, 0, 0],
						"0.3333": [-25, 0, 0],
						"0.5": [15, 0, 0],
						"1.125": [0, 0, 0]
					}
				},
				"arm_left": {
					"rotation": {
						"0.0": [0, 0, 0],
						"0.3333": [-66.34916, -26.016, 42.7448],
						"0.5": [3.10616, 43.79222, 5.99194],
						"1.125": [0, 0, 0]
					},
					"position": {
						"0.0": [0, 0, 0],
						"1.125": [0, 0, 0]
					}
				},
				"arm_left_1": {
					"rotation": {
						"0.0": [0, 0, 0],
						"0.3333": [-25, 0, 0],
						"0.5": [-13.56188, -42.60228, 6.56374],
						"1.125": [0, 0, 0]
					},
					"position": {
						"0.0": [0, 0, 0],
						"1.125": [0, 0, 0]
					}
				},
				"claw_left_1": {
					"rotation": {
						"0.0": [0, 0, 0],
						"0.3333": [-25, 0, 0],
						"0.5": [15, 0, 0],
						"1.125": [0, 0, 0]
					}
				},
				"claw_left_2": {
					"rotation": {
						"0.0": [0, 0, 0],
						"0.3333": [-25, 0, 0],
						"0.5": [15, 0, 0],
						"1.125": [0, 0, 0]
					}
				},
				"claw_left_3": {
					"rotation": {
						"0.0": [0, 0, 0],
						"0.3333": [-25, 0, 0],
						"0.5": [15, 0, 0],
						"1.125": [0, 0, 0]
					}
				}
			}
		},
		"misc.idle": {
			"loop": true,
			"animation_length": 4,
			"bones": {
				"all": {
					"position": {
						"0.0": [0, 0, 0],
						"1.75": [0, 1, 0],
						"4.0": [0, 0, 0]
					}
				},
				"body": {
					"rotation": [15, 0, 0]
				},
				"head": {
					"rotation": {
						"0.0": [5, 0, 0],
						"1.75": [7.5, 0, 0],
						"4.0": [5, 0, 0]
					}
				},
				"arm_right": {
					"rotation": {
						"0.0": [-7.5, 0, 0],
						"2.0": [-17.5, 0, 0],
						"4.0": [-7.5, 0, 0]
					}
				},
				"arm_right_1": {
					"rotation": {
						"0.0": [0, 0, 0],
						"1.5": [0, 0, -10],
						"3.4583": [0, 0, 0]
					}
				},
				"arm_left": {
					"rotation": {
						"0.0": [-7.5, 0, 0],
						"2.0": [-17.5, 0, 0],
						"4.0": [-7.5, 0, 0]
					}
				},
				"arm_left_1": {
					"rotation": {
						"0.0": [0, 0, 0],
						"1.5": [0, 0, 10],
						"3.4583": [0, 0, 0]
					}
				}
			}
		},
		"move.walk": {
			"loop": true,
			"animation_length": 2,
			"bones": {
				"all": {
					"position": {
						"0.0": [0, 0, 0],
						"1.0": [0, 1, 0],
						"2.0": [0, 0, 0]
					}
				},
				"body": {
					"rotation": {
						"0.0": [25, 0, 0],
						"1.0": [27.5, 0, 0],
						"2.0": [25, 0, 0]
					}
				},
				"head": {
					"rotation": [-10, 0, 0]
				},
				"arm_right": {
					"rotation": {
						"0.0": [-30.47069, -16.26521, -12.89129],
						"1.2083": [-17.97069, -16.26521, -12.89129],
						"1.9583": [-30.47069, -16.26521, -12.89129]
					}
				},
				"arm_right_1": {
					"rotation": {
						"0.0": [0, 0, 12.5],
						"0.75": [0, 0, 5],
						"2.0": [0, 0, 12.5]
					}
				},
				"arm_left": {
					"rotation": {
						"0.0": [-30.47069, 16.26521, 12.89129],
						"1.2083": [-17.97069, 16.26521, 12.89129],
						"1.9583": [-30.47069, 16.26521, 12.89129]
					}
				},
				"arm_left_1": {
					"rotation": {
						"0.0": [0, 0, -12.5],
						"0.75": [0, 0, -5],
						"2.0": [0, 0, -12.5]
					}
				}
			}
		}
	}
}