{
	"format_version": "1.8.0",
	"animations": {
		"move.walk": {
			"loop": true,
			"animation_length": 0.66667,
			"bones": {
				"head": {
					"rotation": {
						"vector": ["math.cos(query.anim_time*540)*1.5", 0, 0]
					}
				},
				"leg_right_1": {
					"rotation": {
						"0.0": {
							"vector": [21.46286, -6.6819, -7.5026]
						},
						"0.1667": {
							"vector": [8.62048, 17.5535, -0.6577]
						},
						"0.3333": {
							"vector": [-2.59593, -1.6377, -26.2909]
						},
						"0.6667": {
							"vector": [21.46286, -6.6819, -7.5026]
						}
					},
					"position": {
						"0.0": {
							"vector": [0, 0, 0]
						},
						"0.1667": {
							"vector": [0, 0, 0]
						},
						"0.3333": {
							"vector": [0, 0, 0]
						},
						"0.6667": {
							"vector": [0, 0, 0]
						}
					}
				},
				"leg_right_lower_1": {
					"rotation": {
						"0.0": {
							"vector": [0, 0, 7.5]
						},
						"0.1667": {
							"vector": [14.82013, -3.3127, 14.5482]
						},
						"0.3333": {
							"vector": [0, 0, 30]
						},
						"0.6667": {
							"vector": [0, 0, 7.5]
						}
					},
					"position": {
						"0.0": {
							"vector": [0, 0, 0]
						},
						"0.1667": {
							"vector": [0, 0, 0]
						},
						"0.3333": {
							"vector": [0, 0, 0]
						},
						"0.6667": {
							"vector": [0, 0, 0]
						}
					}
				},
				"leg_left_1": {
					"rotation": {
						"0.0": {
							"vector": [-2.59593, 1.63767, 26.29092]
						},
						"0.3333": {
							"vector": [21.46286, 6.68186, 7.50259]
						},
						"0.5": {
							"vector": [8.62048, -17.55352, 0.65774]
						},
						"0.6667": {
							"vector": [-2.59593, 1.63767, 26.29092]
						}
					},
					"position": {
						"0.0": {
							"vector": [0, 0, 0]
						},
						"0.3333": {
							"vector": [0, 0, 0]
						},
						"0.5": {
							"vector": [0, 0, 0]
						},
						"0.6667": {
							"vector": [0, 0, 0]
						}
					}
				},
				"leg_left_lower_1": {
					"rotation": {
						"0.0": {
							"vector": [0, 0, -30]
						},
						"0.3333": {
							"vector": [0, 0, -7.5]
						},
						"0.5": {
							"vector": [14.82013, 3.31268, -14.54821]
						},
						"0.6667": {
							"vector": [0, 0, -30]
						}
					},
					"position": {
						"0.0": {
							"vector": [0, 0, 0]
						},
						"0.3333": {
							"vector": [0, 0, 0]
						},
						"0.5": {
							"vector": [0, 0, 0]
						},
						"0.6667": {
							"vector": [0, 0, 0]
						}
					}
				},
				"leg_right_3": {
					"rotation": {
						"0.0": {
							"vector": [-2.59593, -1.6377, -26.2909]
						},
						"0.3333": {
							"vector": [21.46286, -6.6819, -7.5026]
						},
						"0.5": {
							"vector": [8.62048, 17.5535, -0.6577]
						},
						"0.6667": {
							"vector": [-2.59593, -1.6377, -26.2909]
						}
					},
					"position": {
						"0.0": {
							"vector": [0, 0, 0]
						},
						"0.3333": {
							"vector": [0, 0, 0]
						},
						"0.5": {
							"vector": [0, 0, 0]
						},
						"0.6667": {
							"vector": [0, 0, 0]
						}
					}
				},
				"leg_right_lower_3": {
					"rotation": {
						"0.0": {
							"vector": [0, 0, 30]
						},
						"0.3333": {
							"vector": [0, 0, 7.5]
						},
						"0.5": {
							"vector": [14.82013, -3.3127, 14.5482]
						},
						"0.6667": {
							"vector": [0, 0, 30]
						}
					},
					"position": {
						"0.0": {
							"vector": [0, 0, 0]
						},
						"0.3333": {
							"vector": [0, 0, 0]
						},
						"0.5": {
							"vector": [0, 0, 0]
						},
						"0.6667": {
							"vector": [0, 0, 0]
						}
					}
				},
				"leg_left_3": {
					"rotation": {
						"0.0": {
							"vector": [21.46286, 6.68186, 7.50259]
						},
						"0.1667": {
							"vector": [8.62048, -17.55352, 0.65774]
						},
						"0.3333": {
							"vector": [-2.59593, 1.63767, 26.29092]
						},
						"0.6667": {
							"vector": [21.46286, 6.68186, 7.50259]
						}
					},
					"position": {
						"0.0": {
							"vector": [0, 0, 0]
						},
						"0.1667": {
							"vector": [0, 0, 0]
						},
						"0.3333": {
							"vector": [0, 0, 0]
						},
						"0.6667": {
							"vector": [0, 0, 0]
						}
					}
				},
				"leg_left_lower_3": {
					"rotation": {
						"0.0": {
							"vector": [0, 0, -7.5]
						},
						"0.1667": {
							"vector": [14.82013, 3.31268, -14.54821]
						},
						"0.3333": {
							"vector": [0, 0, -30]
						},
						"0.6667": {
							"vector": [0, 0, -7.5]
						}
					},
					"position": {
						"0.0": {
							"vector": [0, 0, 0]
						},
						"0.1667": {
							"vector": [0, 0, 0]
						},
						"0.3333": {
							"vector": [0, 0, 0]
						},
						"0.6667": {
							"vector": [0, 0, 0]
						}
					}
				},
				"leg_right_4": {
					"rotation": {
						"0.0": {
							"vector": [21.46286, -6.6819, -7.5026]
						},
						"0.1667": {
							"vector": [8.62048, 17.5535, -0.6577]
						},
						"0.3333": {
							"vector": [-2.59593, -1.6377, -26.2909]
						},
						"0.6667": {
							"vector": [21.46286, -6.6819, -7.5026]
						}
					},
					"position": {
						"0.0": {
							"vector": [0, 0, 0]
						},
						"0.1667": {
							"vector": [0, 0, 0]
						},
						"0.3333": {
							"vector": [0, 0, 0]
						},
						"0.6667": {
							"vector": [0, 0, 0]
						}
					}
				},
				"leg_right_lower_4": {
					"rotation": {
						"0.0": {
							"vector": [0, 0, 7.5]
						},
						"0.1667": {
							"vector": [14.82013, -3.3127, 14.5482]
						},
						"0.3333": {
							"vector": [0, 0, 30]
						},
						"0.6667": {
							"vector": [0, 0, 7.5]
						}
					},
					"position": {
						"0.0": {
							"vector": [0, 0, 0]
						},
						"0.1667": {
							"vector": [0, 0, 0]
						},
						"0.3333": {
							"vector": [0, 0, 0]
						},
						"0.6667": {
							"vector": [0, 0, 0]
						}
					}
				},
				"leg_left_4": {
					"rotation": {
						"0.0": {
							"vector": [-2.59593, 1.63767, 26.29092]
						},
						"0.3333": {
							"vector": [21.46286, 6.68186, 7.50259]
						},
						"0.5": {
							"vector": [8.62048, -17.55352, 0.65774]
						},
						"0.6667": {
							"vector": [-2.59593, 1.63767, 26.29092]
						}
					},
					"position": {
						"0.0": {
							"vector": [0, 0, 0]
						},
						"0.3333": {
							"vector": [0, 0, 0]
						},
						"0.5": {
							"vector": [0, 0, 0]
						},
						"0.6667": {
							"vector": [0, 0, 0]
						}
					}
				},
				"leg_left_lower_4": {
					"rotation": {
						"0.0": {
							"vector": [0, 0, -30]
						},
						"0.3333": {
							"vector": [0, 0, -7.5]
						},
						"0.5": {
							"vector": [14.82013, 3.31268, -14.54821]
						},
						"0.6667": {
							"vector": [0, 0, -30]
						}
					},
					"position": {
						"0.0": {
							"vector": [0, 0, 0]
						},
						"0.3333": {
							"vector": [0, 0, 0]
						},
						"0.5": {
							"vector": [0, 0, 0]
						},
						"0.6667": {
							"vector": [0, 0, 0]
						}
					}
				},
				"leg_right_2": {
					"rotation": {
						"0.0": {
							"vector": [-2.59593, -1.6377, -26.2909]
						},
						"0.3333": {
							"vector": [21.46286, -6.6819, -7.5026]
						},
						"0.5": {
							"vector": [8.62048, 17.5535, -0.6577]
						},
						"0.6667": {
							"vector": [-2.59593, -1.6377, -26.2909]
						}
					},
					"position": {
						"0.0": {
							"vector": [0, 0, 0]
						},
						"0.3333": {
							"vector": [0, 0, 0]
						},
						"0.5": {
							"vector": [0, 0, 0]
						},
						"0.6667": {
							"vector": [0, 0, 0]
						}
					}
				},
				"leg_right_lower_2": {
					"rotation": {
						"0.0": {
							"vector": [0, 0, 30]
						},
						"0.3333": {
							"vector": [0, 0, 7.5]
						},
						"0.5": {
							"vector": [14.82013, -3.3127, 14.5482]
						},
						"0.6667": {
							"vector": [0, 0, 30]
						}
					},
					"position": {
						"0.0": {
							"vector": [0, 0, 0]
						},
						"0.3333": {
							"vector": [0, 0, 0]
						},
						"0.5": {
							"vector": [0, 0, 0]
						},